"NUTS3","years_2014_15","years_2016_17","years_2018_19","GDPpercap_2020","GDPpercap_2018"
"DEA26",13.0347669584019,15.3477234984956,16.6635646968444,10.3446093378523,10.2985992485648
"DE923",12.3176838747105,15.9940859370081,16.687162616657,10.4984980625276,10.452446760283
"DEE0D",12.0397406122464,15.8968565645615,16.4944566847151,10.2524528534048,10.1792235539695
"DED2C",14.9034376584049,15.9657634925737,17.1643260605094,10.2340495006176,10.1736673498518
"DE804",16.5593177123526,17.6313851341409,18.2144042292299,10.6555638006254,10.5800225110404
"DE80J",16.2149655648811,17.5515316978606,17.7673127192318,10.2942788584105,10.2168008213609
"DE80N",16.0172908240593,17.5901242469576,18.2486941059053,10.19125712116,10.1281898883143
"DEG03",15.5455224985721,18.0681583599163,18.6154209166728,10.7322358573476,10.7077958924436
"DE300",18.5868493472542,19.5673965913539,19.7830025500973,10.6585291366337,10.6285209219584
"DED52",15.2289987865366,15.8259017424392,16.4296150774792,10.2617562258133,10.1807025356381
"DEG0J",14.3365524457349,16.001209331232,16.2002595670623,10.1171058826253,10.0541464288212
"DEE0C",12.4952048816112,17.7049310189813,18.3226749609627,10.1941402084327,10.124909622952
"DE731",0,14.4691730295604,15.8475450698157,10.8415789143691,10.8517225885928
"DE80O",15.9817254972425,17.3613469360093,17.4521369049458,10.1847867980187,10.1053666085456
"DEG05",14.5867966609943,16.5936017130031,17.4742424723333,10.3783543374479,10.3252196331082
"DE935",15.2668021791256,17.1771338314729,16.7371082196161,10.3026327318995,10.2499454800643
"DEA31",12.2038825824251,15.0025577055925,15.4251551367081,10.0752114856948,10.0723438583765
"DEE09",14.0929400757591,16.8159525994597,17.5713618118778,10.0998352810632,10.0850588279394
"DED41",16.3431595949775,17.4866546947685,18.0137246864009,10.5169690376778,10.501059518173
"DEG02",14.9549890297458,15.7513690218729,15.4926039105938,10.3145370389382,10.26493110855
"DEG0P",15.3098781688566,16.5964182418061,16.8939759642219,10.2599374711586,10.1961571664989
"DEE0A",11.390757830996,15.3166272740466,16.7326534982679,10.0007957350031,9.94745658991825
"DE502",13.928736113804,15.5071130487398,15.8839798678351,10.4919129023245,10.4779638033784
"DEG0F",15.6569794289375,17.2156514345683,17.8404903493821,10.3168877609636,10.2764639036076
"DEE02",14.6784155298762,17.8630289653532,18.5349112223861,10.406865511167,10.3472113727614
"DED43",16.5200310557124,17.588798646838,17.9973144894596,10.2349472473338,10.2114868257508
"DEG07",14.9814728869479,15.8836726272181,16.5371634060179,10.1785022312602,10.170226847968
"DEG0D",14.5618542725481,15.4316705575087,16.1825355877433,10.1399026460436,10.1382829565908
"DEE0E",12.2239866473582,15.5466227395982,16.6067394672692,10.207178299633,10.126471091049
"DED2D",14.651582368818,16.3099543155795,17.1584074129373,10.2626643641922,10.2168373717365
"DEG06",15.1477060768854,16.363227243708,16.8071635578596,10.172903816181,10.1673122884573
"DEA2D",13.4733061330314,17.5709636726288,18.2703847001659,10.5565936835589,10.5495169197681
"DE402",14.2603517587135,16.7205536785393,17.226463651482,10.5036418662469,10.4712982417848
"DEG0M",14.1045170104839,15.4207909569229,16.1619552685159,10.0307367534516,10.0017026000331
"DE803",15.936367880861,17.6934353310912,18.102168254483,10.5342804913491,10.4938265131144
"DED21",18.0569742244896,19.1910032917713,19.6105819648839,10.6502939764178,10.6194719669988
"DE407",11.0125630768029,14.9863048174579,16.6253963449526,10.1755355472039,10.1170251137051
"DEE06",13.143290240158,16.1560796476852,16.6910421071506,10.2012189608409,10.1558403304343
"DED42",16.2365912805507,17.4272988916849,17.7199476821049,10.0986019311288,10.0745796273785
"DE80K",17.1615201590186,17.7096044867636,17.9398550870503,10.2049245902202,10.1420319004264
"DED45",16.7085615693914,17.1671539514649,17.7348460279371,10.3314966250792,10.3399990290496
"DEG0H",13.8901992785938,15.4686724534338,15.9759807228739,10.2263678356379,10.2826086853047
"DEG0I",14.5496380318746,16.0865267597549,16.6268343669062,10.1979838552956,10.1888544470305
"DED2F",15.28578984101,16.4135764091062,16.9057779654396,10.0872663803281,10.0644152166424
"DE916",15.1614615860289,17.403415520452,17.721085977793,10.2800386504796,10.3019951800768
"DE212",13.0710611356083,16.605169426856,17.3221560853446,11.3159977557869,11.3024760017149
"DE934",0,15.9449403953704,16.3921337426883,10.1704182978183,10.1670434144616
"DE94A",14.1690379535658,16.1538790702709,17.1115159272094,10.1995841235889,10.2150814450342
"DEA47",11.3843496872632,15.858867056294,16.6018108598004,10.4904961370344,10.4962617589493
"DEA52",17.7348206500627,18.7298777980871,19.0540727622305,10.6001535348452,10.5806069720189
"DE404",15.6705301747877,17.446171545076,18.1152710179561,10.7077958924436,10.6687925907262
"DEB25",0,16.8358316667727,17.3475301706246,9.92593374136596,9.91056246620809
"DEG04",13.4052676962968,14.4159334943212,15.1451122722432,10.3617348460833,10.4434835536019
"DEE03",15.5151206690038,18.1694790276238,18.7719267901267,10.4992148293885,10.4612444709866
"DE409",11.7916945028285,14.6944198559069,15.4971777962411,10.0264128993734,9.97794546345414
"DED51",16.663621513276,17.5494488119833,18.0010688753191,10.5483369476883,10.5236338402116
"DE944",13.0076369455713,16.7584871903964,17.5087145717177,10.8614383276696,10.820458053315
"DEG0E",15.5272842194701,16.0592934267332,16.1181619392517,10.0727238697814,10.0363124456486
"DEG01",15.9610072142152,17.3594893222723,18.239752360963,10.6428024139411,10.5967097302837
"DED53",13.8113432765629,15.5186013237168,15.7322652836767,10.2489549256266,10.2210317792718
"DE501",12.7279865662816,16.6079366492374,17.435058364999,10.8242482790817,10.8360452568742
"DE80M",15.6114017169432,17.2954993786418,17.6609138000703,10.1122075831846,10.0838488559549
"DEA51",13.9167885277609,16.5695322896124,17.4970918052412,10.4657854546711,10.4230845946892
"DEA23",16.3055066916801,17.2566257423113,17.6499903980103,10.9742660502748,11.0078168015335
"DEA1A",14.1565641022088,16.322798569888,17.0174217878122,10.4770625979552,10.5146651702288
"DED2E",14.5452059564978,16.0144639593956,17.0537944205246,10.2425279172631,10.2426703978503
"DE928",11.1772778882236,15.8196941959956,16.6668678661445,10.1791476497606,10.1696522784005
"DE40A",14.3368304032619,16.0275242641559,16.8128780498031,10.2090954922712,10.1758402278629
"DEA36",14.0920234277028,15.5989527595555,17.0001010695987,10.1934295693888,10.1759163835251
"DE401",11.8293110225278,14.5405260081378,14.7831830601319,10.3992502986251,10.3846783711724
"DED44",14.1491861554905,16.1611672228741,17.0101173740511,10.184749057185,10.1488230313568
"DE947",13.2690083454323,16.2999133070379,16.9265226665286,10.2066615037558,10.18270893407
"DEE0B",13.1787212126127,16.418224766563,17.2573049792721,10.4474964700924,10.4762451784185
"DEA32",0,16.001157971138,16.5293895992123,10.3514692185806,10.3357568633963
"DE949",12.7211479864429,15.7652290009209,16.611741069145,10.6544318318223,10.640388425986
"DEE08",12.3374238820906,16.494381777565,17.4911442646568,10.1497615212392,10.1303442017622
"DEE07",13.6909494744028,16.0604240461525,17.3303231462632,10.2805188919817,10.2416369533594
"DEA38",10.7609777406598,15.0228796030301,14.5704752415161,10.4032320062913,10.3464411050553
"DEA14",13.8700659985624,14.910337835451,15.6567660503328,10.6269941856054,10.6315674196361
"DE946",12.8929564143152,15.612852078625,17.4652214037548,10.3949162666914,10.3370864998881
"DE40H",9.80884110241452,15.1960858075566,16.9083423321087,10.5200506209133,10.4834660349904
"DEA58",11.9349198750296,15.1291972838107,15.8413773129645,10.4855355605774,10.5187542694205
"DE600",14.9145884060206,17.3140062763381,17.2425600436337,11.0709260321341,11.0796471302166
"DE408",11.2990302655063,14.5313690954141,15.6497235688687,9.98331485239568,9.96119026266442
"DEA13",12.9979715995384,16.3199514784422,17.2631464633159,10.7154172690855,10.6955973256221
"DEG0G",14.3630909522744,15.8761303476587,16.188669910139,10.0932397668206,10.1102984492294
"DE40G",10.8906867865713,13.9848958523479,15.4766215673018,10.4662412691625,10.4841936537503
"DE406",12.7451517636833,16.0169273205222,16.7083755564477,10.4082246789616,10.4170594019701
"DE943",15.5070123442925,16.9709749151848,17.0350861725225,10.8079081118398,10.7595185959976
"DEA37",11.253699278249,14.9529457365406,16.3425291936091,10.4387520981791,10.4013191180067
"DE713",0,11.289781913656,15.4154586693351,10.5050675395706,10.520671194289
"DEA33",12.8615918485265,16.141273735604,16.8765436979499,10.9609479311567,10.9273583350769
"DE405",13.8500701863378,16.158440575859,17.0604721603227,10.0317928126891,10.0119382885409
"DEA5C",11.1980084888207,14.7406032126786,16.3571931787558,10.3191669830513,10.3514372722504
"DEA2C",12.7424301881071,16.4296200513792,16.9030576157511,10.2597974298461,10.2467580570512
"DE263",14.5798506543601,16.6057539208552,17.0587340992701,11.1040094091858,11.0744360065396
"DEG0B",15.1615203182497,16.5537441063255,16.6367998223615,10.2219412836547,10.2243021310238
"DEG0K",15.16012639639,16.3443253061382,16.8277895161381,10.3274472432805,10.2899057477241
"DEG0N",14.6733236615453,15.1150040857728,15.7601677001574,10.5281417366508,10.5844356256391
"DEG0L",15.6235317964063,16.4100879767202,16.5465414221207,10.052855384187,10.085434039
"DE94G",0,15.936825293221,16.6404657126896,10.4894392014925,10.3823580050606
"DEG0C",14.5187397884248,15.9905109449301,16.3160802709658,10.2727726531895,10.2500515527241
"DE40F",11.1987742895697,14.7683597630146,16.207043678152,10.2645478666674,10.1877638318531
"DEA11",14.7123511754423,16.9806650666579,17.4946409915444,11.3274509428009,11.3315114961936
"DE40C",10.6835461050854,15.2420172162568,16.3621728514739,10.2359159094003,10.1861445202714
"DEA42",12.3051242417415,14.4307051470145,15.3732397395536,10.8480158258215,10.7792062586452
"DE249",13.9580621664696,14.4229367840358,15.4082663503711,10.4667822791559,10.4690854121491
"DEA12",12.7649695179649,16.5814902586545,17.6562859007019,10.423441387129,10.5034223513739
"DE256",12.515567076865,16.4595881067135,16.9192448106627,10.3731161114518,10.3549770989556
"DE735",14.3019563952047,15.3905200123457,15.6995739219396,10.4162213545714,10.3394172014481
"DEB32",0,15.9313313515824,16.9339210930188,10.7888653657668,10.7826162507215
"DE945",13.5424604082498,15.4832419011776,16.1001914653209,10.6578474172641,10.6512176108664
"DEA45",13.889839443572,15.9341981353934,17.1944919427719,10.3478207475297,10.3280687778365
"DEA15",0,13.9670508393786,16.2981681964546,10.443600096927,10.4374631362008
"DEG0A",12.8255423247321,15.4215998784505,15.5647918590219,10.0448568979987,10.0153419373103
"DE229",15.8434986805952,15.2910751930522,15.5896951243743,10.4471191280273,10.4023215634497
"DEC04",14.0248656559676,15.1156777535643,15.3089212714831,10.3389644347123,10.3971771903554
"DEE05",13.961171170892,16.4744659984156,17.4758770170542,10.3379935294287,10.2812730915375
"DEE04",10.8475024921907,14.5771355521694,15.7171363728344,10.1469042086899,10.0817174164268
"DEB17",0,14.3754197923639,14.8029990551595,10.3799080495779,10.3473076145208
"DE80L",15.7703641821065,17.6435227771172,18.2856418532424,10.1659671949627,10.1202507928861
"DE94B",12.7986840305073,14.254261313481,14.8105766991978,10.429576102968,10.3686042602085
"DE94F",11.8282409679069,14.2808617166502,15.3795688926613,10.7491412048108,10.7044347706991
"DE722",13.8279330779628,15.6536441019511,16.2390600673189,10.445986246757,10.4465673718315
"DEA35",0,13.1047262537118,15.3218352705965,10.313110670793,10.2648962744474
"DE926",0,15.9943027444015,16.2897438024104,10.3816453460377,10.3473717705482
"DEB18",8.51719519141424,13.7362071598507,15.6956979586124,10.430786738995,10.4051715183848
"DEA5B",0,14.9654422725368,15.8615371961739,10.5030929886877,10.4898565463506
"DE71D",0,14.5923679304406,16.5857615430538,10.1615734470479,10.1385201482428
"DEC01",14.8735436944572,17.2110654793765,17.2589307507825,10.6844624434616,10.713950993163
"DE148",13.3629442615636,14.7894227692882,15.244611062507,10.7791229426693,10.7192505166363
"DEA46",10.9158336410468,14.8022701467228,14.7457007354354,10.6620947045679,10.6393589173059
"DE269",15.2537320625469,16.1375677334345,15.5315037680199,10.4751166056609,10.4529375578389
"DE936",13.5962454663173,14.6839066149987,15.8316656926177,9.95394299602462,9.93139450578914
"DE929",14.9718387204145,16.9320511685026,17.8290696572491,10.7560074685116,10.7361575164402
"DE918",13.8313839071206,16.0386313407168,16.0371505488605,10.2538979148951,10.2624199465161
"DEA1E",0,11.9325186337001,14.2116581503051,10.305446521315,10.265523102717
"DEA5A",13.3928500044556,15.7265364263185,16.4341815229704,10.5745936022192,10.6167559370923
"DEB3K",0,13.8929583787521,12.4262130318553,9.72316399840485,9.69670935530818
"DEB13",14.4315498866119,16.2802051425395,16.4597107852998,10.207252105818,10.2135058048336
"DEE01",12.2423308819305,15.8589459219573,16.8754338344603,10.3578698008789,10.2971836770443
"DEA17",0,14.3749912324866,15.6391534323537,10.2082848208435,10.2253898758736
"DE40E",12.6604070469521,15.9507405070799,16.8641626945879,10.2170566459398,10.1567722607623
"DE712",0,13.9740534208752,15.2519011280216,11.4372208342199,11.4573281848678
"DEB3A",0,0,13.7219644597526,10.7423139166265,10.8120887959259
"DE40B",13.5289434770117,15.0908580540233,15.0918994667569,10.2325034884809,10.2551298539468
"DE27B",16.0374797586431,17.6713111819374,16.3447006711374,10.4905517342879,10.4970906027597
"DEG09",14.9465074680175,16.0270324073237,16.1004620021767,10.1340832673754,10.1238672880276
"DE27E",12.2447584560332,15.563080800459,15.5478686338712,10.392588903828,10.4014710682888
"DE721",0,14.5499104562699,16.2839384230426,10.5143394903692,10.5049579445242
"DE922",0,14.5947784002642,15.4437053769361,10.316424675483,10.316821619023
"DE718",0,12.4358228958952,13.8786575980481,10.7852075433601,10.8029372672143
"DE114",0,13.2253891697154,13.9185363502754,10.3698595955478,10.4252531163405
"DE11D",13.6322568638653,16.0610188382847,16.0900898619883,10.72364176328,10.7144399907278
"DE149",13.1367592576881,15.3130145452943,15.390343222911,10.5374684224269,10.5537533277777
"DEB3F",0,15.5199973300009,15.9497560321076,9.97021118457904,9.94131306207611
"DEC05",15.1797398540798,15.8151064767946,16.0035522422642,10.5704960754864,10.5971346081377
"DEB23",13.9552725003394,16.2684493562498,16.1672864367729,10.2975208996819,10.2631530203974
"DEA27",0,12.968548978806,14.5106097146786,10.4704477328457,10.4853958626041
"DE24D",15.0379818940351,15.6841587779069,14.8200560727007,10.465300924015,10.4661558197698
"DE931",10.8240582124379,16.000850661654,16.4642133998209,10.3071176446986,10.3112832759826
"DE238",7.45298232946546,14.3146026118511,13.006952525893,10.1693457062579,10.1504648111017
"DEB1D",15.4884786650644,17.0665788999814,16.8147590496629,10.5081586475808,10.4949065015887
"DEA2B",0,12.3138951280589,15.4072228419061,10.2219776466299,10.2437383556607
"DEA59",14.0026040138935,15.4033560523018,15.8497704319505,10.5873164524571,10.624809082279
"DEB1B",0,16.3859822686132,15.8835655067081,10.4782171211387,10.4235305653517
"DEA22",0,14.8502821566207,16.0639539120228,11.2455556938303,11.304387234795
"DE133",13.5923670066501,14.4081729458909,14.7446791721521,10.4284231606205,10.3944267454945
"DEB3H",13.1263553986739,14.521024702247,14.8918147777704,10.2253898758736,10.2095373998461
"DEB22",0,13.9969707021823,16.4641575144194,10.3924662608721,10.3508620637215
"DE239",16.1557406040228,14.8735601518244,15.273418121171,10.5199426557859,10.5085136497009
"DEC03",13.8969787783424,15.4271752605931,16.0839852980024,10.129586731676,10.1447067505776
"DE932",13.4588356140255,17.0463808198421,17.1437122949233,10.1408495410879,10.0602776033003
"DEB11",0,0,14.8629588807236,11.1586903992492,11.1314893346614
"DE736",0,14.0844965663679,15.4411184637404,10.541888114421,10.5407784123413
"DEB33",0,13.1292018748225,14.2132694528937,10.6651108043981,10.6537000870505
"DEA41",10.9737225286455,14.9418149586622,16.9169919274715,10.6561999704335,10.6302629140761
"DE911",12.0456736732168,16.4686564253369,17.45216974939,11.2790368921198,11.2284515741294
"DEC02",12.627943785697,15.5154957827051,15.7005780466875,10.1854658895712,10.2084322645387
"DE122",11.0349617812424,15.4246113404336,16.1047038368574,11.1291435676932,11.1115370359026
"DE714",0,14.6209905709915,16.6135793926959,11.0977735912725,11.0561933779177
"DE403",13.8299384748631,16.2359635781224,16.8625546275888,10.580225840562,10.5276061466856
"DE40D",8.02237214179196,15.5690939181168,16.3117848309392,10.2637460678062,10.1928307445645
"DE938",14.1879730206043,16.7453466786379,17.6645557384192,10.4777948892145,10.4328502973005
"DE91A",0,12.337641785028,14.412795128325,10.0022010254722,10.0108161302887
"DE925",12.9669964193216,16.1525963230727,16.6775330174538,10.2953944960454,10.2545668701177
"DE27D",8.63052187672324,15.2946211248523,16.4155307204378,10.8500940816122,10.8158907376831
"DE917",0,13.8240380949479,15.5853210113848,9.94217927964711,9.9312972531754
"DE71E",0,13.0347029971303,14.1232089334114,10.3132434420614,10.2976894683656
"DE91B",0,15.0500295138837,15.8937456491753,9.96509992166365,9.91739045770512
"DE233",0,0,11.9438417055079,10.9582872682476,10.9260643715946
"DEA1F",0,13.5385113016082,16.4970317043717,10.2998782793686,10.2678181172857
"DE135",13.0664136445798,13.3779147431017,13.9741369212467,10.6383283476452,10.6962085379922
"DE117",11.800607537422,14.2499822045792,14.2897196328074,10.942862797922,10.9407207681944
"DE91C",11.077516480489,17.4945270672307,17.7301568494601,10.50229658072,10.4808309873524
"DE119",13.1223633774043,12.2060726455302,12.6115377536383,10.8620520246376,10.8277067707324
"DEA16",11.5022688847817,14.527304032492,14.8849938805591,10.482205442345,10.502736056652
"DEA44",0,13.7349483602403,14.9960623570581,10.2693798855245,10.2551650299146
"DE724",14.6741300286559,15.7106965751646,16.505075578608,10.6094522368067,10.5602300512023
"DE23A",14.6079689746291,12.2905972023887,14.6856875408724,10.6183473000017,10.5077215488168
"DE136",12.6845070187827,14.3125932337547,14.6865521873532,10.5761258564645,10.5863570986849
"DE939",0,14.6800993849634,15.9247523951753,10.3427419838004,10.3267925787726
"DE93A",13.5045826036801,16.4374929108741,17.657050155912,10.2728072140079,10.2342291144484
"DEA18",0,12.4282773662809,14.5911465459012,10.5062175629716,10.4976427838891
"DE245",0,0,14.2610025029386,10.2118174832111,10.174964020641
"DE246",14.4473185385409,14.1715519679294,13.4910404731639,10.0438580053834,9.99561084141193
"DE723",0,13.6050302939581,15.4780775390042,10.3651124278545,10.3383496374951
"DE137",12.8058359148387,15.681966417464,15.2925965343224,10.7290655202766,10.8089801943108
"DE715",12.4935046867267,14.6961794966367,15.4845759166122,10.2871500346834,10.2723924053325
"DE147",13.7264060828815,15.3409455815484,16.2068089372118,10.8171949504747,10.8453680554093
"DE112",11.4814812364291,12.174628416989,13.0544677608558,11.0526503598021,11.1088893353858
"DE225",13.3851966293159,14.6982218062932,15.0280615105471,10.3822650783332,10.324957234786
"DE937",12.6379546240988,14.7855903608496,16.0143330789453,10.4534281146307,10.3742721267649
"DE22A",14.8999816563157,15.2118311480471,16.6754431539938,10.4501628291958,10.4207921423998
"DEA34",11.5256243253841,14.47808212478,15.8448533864164,10.5672831593812,10.5312692034145
"DEB12",0,14.4846590754702,14.6384278237927,10.1880271927154,10.1845980796049
"DE146",12.2060726455302,14.9813786547424,15.1473224770979,10.8964800326737,10.8760830006208
"DEB3G",0,13.2207369511316,13.3156928436818,9.80796735067872,9.7812069178273
"DE247",15.1628908255849,16.2435971484287,15.1284026978297,10.2286460292571,10.2185537342007
"DE71B",0,12.4377291519335,14.0530864245811,10.182671114733,10.18270893407
"DE719",0,13.6100371821477,14.4535946385684,10.5033949086263,10.5094960752793
"DE21L",0,12.2223968608788,13.2135741479187,10.7411895192499,10.7249619826281
"DE717",0,12.5157503983372,13.2451421358539,10.6619776181462,10.7323886540737
"DEB24",12.9721821654714,15.6463718569438,15.7600712759946,10.3719274598057,10.4116897380954
"DEA2A",9.29042154044856,14.9270531155099,15.6076970772712,10.486959366287,10.4920516929036
"DE948",12.8311951643083,16.0138785820568,17.3639886012075,10.4869035689429,10.4240654677448
"DE254",12.3697492097103,14.8309447785717,14.8061913126883,11.0148515251294,11.0227844323971
"DE242",16.1414252182764,15.8528353554047,15.9860993370212,11.056477540587,11.0804950386316
"DE711",0,13.5039116330535,15.4765728429735,11.3306959039445,11.2737668544593
"DE94H",12.7706631817178,15.9097502889201,16.5420285149903,10.195821289203,10.1596015555202
"DE40I",9.77065762811097,14.1501755587085,15.5175143113108,10.3210788404421,10.3023307843354
"DE22C",0,14.2081838181307,13.7171468408565,11.0165778603849,11.0120006658815
"DE913",0,13.8707526947509,14.6335511440729,12.0555171618999,12.1238534042583
"DE94C",0,15.7476371986982,15.7998372635923,10.1831248524048,10.1532730347968
"DE131",12.4483069097252,16.2809164165502,16.8615709535917,10.9324817743234,10.8634314673317
"DE732",0,14.374696218306,16.2013870352158,10.5413598384373,10.5399850133787
"DE223",0,15.0404617686754,15.1559180363117,10.9522791462203,10.8816632880823
"DE211",10.2822355835411,15.0289873448319,15.7199984677059,11.7447750089134,11.7552126029316
"DEA1D",11.2745869273596,14.1433369889929,15.1867964639825,10.566407457476,10.619594137231
"DE733",0,13.2903982160992,14.3408397776516,10.5593221982121,10.5083498182285
"DEB3D",0,14.0147126801458,14.5515660208319,10.163772734131,10.2754303473935
"DE228",16.5070002782502,17.0205179727595,16.80491369263,10.3147690459657,10.3341004541769
"DEB37",0,0,14.3467786875938,10.5439457283157,10.5322295364037
"DE222",15.4859974486988,16.228592461441,16.8766013205569,11.1168560785024,11.1253493896978
"DEB21",0,16.2181561060761,16.5245840264609,10.7020077486758,10.6928308839485
"DEA29",13.099094750465,14.8905893842178,15.3781190199728,10.1756878991372,10.162654403027
"DE914",0,13.1704788124079,13.6981780370609,9.96993050908484,9.95456082272013
"DEA1B",0,14.8961768591467,14.9254702676571,10.3596457749598,10.3300942603977
"DEA43",10.9388840448804,13.81754113661,14.4099521748392,10.4540337644971,10.4274169456791
"DE264",0,16.5321142669617,16.3572289938617,10.4355265727013,10.4309342773184
"DE142",0,12.4997259918875,13.001217217781,10.4341158035983,10.4337333775416
"DEA56",0,14.0126887672448,14.6480845319896,10.3197607093609,10.326563344904
"DE144",13.5605446002428,14.4559346225541,14.6154490062751,11.2824677301113,11.2575944094028
"DEA1C",0,13.5444529862108,16.3094140833864,10.6220831575497,10.618714178239
"DE126",11.3519005659118,15.645285221761,16.1744919298182,11.098984538381,11.1341801815614
"DEB3I",0,0,14.1009032668219,9.90807700486994,9.90378750754513
"DE145",12.893704645402,11.800607537422,13.5953832864344,10.4062910851992,10.3769539295448
"DE237",15.093651223722,15.3517590356446,13.4240833804255,10.3951915170945,10.3879178649426
"DE927",0,15.2529204617894,16.4341061823177,10.3618297002451,10.3292453639121
"DE232",13.7555036911313,14.686634965423,14.9885250261378,11.3755122621456,11.3775981749727
"DE234",14.8197663785671,15.3397271397739,15.1354888510458,10.2529817767056,10.2365969984522
"DEA55",0,12.7995279724249,14.9993173594011,10.1887040880481,10.1183972989232
"DE21M",0,13.3610141163577,10.0768384373433,10.6497725752589,10.6205709621395
"DE123",12.7159031943733,14.7904488482779,15.349363262849,10.522045876105,10.5479695611148
"DEB35",15.8169905581744,16.8070422740166,16.9216370204589,10.9690427604488,10.9430396200747
"DE24A",15.9312122591994,14.9476444048975,13.8549216376121,10.3857902373689,10.3990370887496
"DE21G",15.4874639180646,15.6643249836283,14.5062135656324,10.4862895925896,10.4512620800803
"DEA54",11.1594883687786,13.190976465894,15.9964187521095,10.3097190335722,10.2827455684751
"DE221",0,14.9900939514411,14.5282717728745,10.9562129584318,10.9852757735917
"DE21F",10.7019951487539,11.3951423293138,0,10.5630520960789,10.5114580356885
"DE734",0,15.5268056232007,16.5574320624377,10.2517824820293,10.3230199178557
"DEB3E",0,13.6814624966514,15.0697942129629,10.3928647954962,10.5272578593183
"DE71C",0,0,13.4100454498561,10.6003528124645,10.627236680393
"DEB3C",0,9.86720178155676,14.4461611596473,10.0069913455508,10.0129247472345
"DEA24",0,13.2764303394416,13.329944028584,10.7488191954698,10.8561102136577
"DE11C",0,13.1711916360863,14.0728076791949,10.5495169197681,10.5188353406417
"DEB14",0,14.8755518419062,15.3743218028886,10.2995418508901,10.3021965561473
"DE93B",0,13.3410725031707,14.7355702649867,10.3839673644497,10.3393201972607
"DEA53",12.5088719742855,13.7434079849349,14.6421696881472,10.406079371375,10.4629604731236
"DE11B",12.8084285871418,12.8122084491005,12.2060726455302,10.6056935775844,10.5861044841229
"DE235",15.1623951335245,16.5788750844843,15.8878264419221,10.5822315027853,10.5359288579787
"DE271",15.195031241705,16.2710610264266,16.0787363956371,10.7958338918335,10.8051112473669
"DE21K",13.2129517960502,13.8332298822371,14.7643007813028,10.4415586251923,10.4011975411547
"DE942",0,15.1259309967952,15.7695179667395,11.1165291111219,11.2004587756958
"DEC06",9.59671326705086,13.879593812984,12.3483966363877,10.3250884425537,10.337378134828
"DE737",0,10.4005726055562,13.4335780728454,10.1555683537449,10.1295069645958
"DE941",0,14.364680351216,14.4208655112958,10.1009850368668,10.0441621218189
"DE933",0,11.49353875117,11.49353875117,10.1289484168055,10.0960069343065
"DE143",13.7181512801919,13.3905567732722,14.2775865967375,10.4950172037171,10.4766962511334
"DE253",8.9226582995244,14.6901120457548,14.0647913338493,10.5564375433447,10.5390321029596
"DEB3J",0,0,13.1896583959099,10.5390321029596,10.4953215713956
"DEB31",0,8.51719519141424,13.448309739436,10.4952385712157,10.4350859211174
"DE71A",0,14.2170108516525,15.4585727499885,10.9408979694778,10.9122116027414
"DE111",15.6271552322336,16.5739053239771,17.1059845735261,11.3525102035633,11.4278140999959
"DE248",13.7015576778882,15.6259983147537,12.9322400371183,10.4174781624453,10.336048886306
"DEA57",12.6668647179412,15.4587036163406,16.1263553455703,10.5245746625597,10.5148822312238
"DE226",9.90348755253613,10.5966347330961,0,10.4015622273767,10.375021260614
"DEA28",0,13.1671128939029,14.5584297570248,10.2496625646187,10.2410663195838
"DE141",12.6660141017311,15.664223059824,15.8434008600241,10.6032378842296,10.6136393319119
"DE134",12.0735692957171,15.412694883387,15.6126211077639,10.6232523210003,10.629513261662
"DE266",6.75983514890551,13.3914613298783,14.886910538663,10.6876173808079,10.6257808288268
"DE11A",13.6331890011703,13.5793661944728,13.2873126844738,10.7710081200409,10.7300504940355
"DE275",0,10.6689553946757,0,10.2563954099056,10.2365253267087
"DE24C",15.1132772415766,15.9168365946372,15.7795731985358,10.4812519395525,10.5050127435488
"DE129",11.8786270459616,14.8442370204576,15.4565696188824,10.6534639260821,10.6159470441284
"DE272",0,8.14612951002541,14.9456215136918,10.5461306009223,10.5753089463813
"DE716",0,13.6908242179883,13.9933731006145,10.2743612158747,10.2701771816929
"DE279",0,15.3391392498018,15.3391392498018,10.5317761607476,10.5797937159
"DE27C",0,15.8959238490094,15.2838731133049,10.565995096964,10.553935978563
"DE128",0,13.8730370522025,14.2088902012644,10.5273114498863,10.4593534613118
"DE26B",14.6757810515603,14.5874924861385,15.4041437451697,10.0295473521969,10.0182883680133
"DE26A",15.2395794574232,16.3227527357926,16.5452118100356,10.5374153734361,10.5171043941393
"DE21A",0,14.4546441685925,14.4546441685925,10.3463126694014,10.3393201972607
"DE276",0,15.278266051336,14.9202362273382,10.3553908547501,10.3370540907552
"DEB15",0,14.9601993649975,14.5392457035527,10.2889540141376,10.2881375209304
"DE912",0,14.8085881103669,13.9469359643056,10.7823048438867,10.9414293850041
"DE12A",13.297576394961,12.184593613853,12.493754717982,10.2795581782348,10.2772211664828
"DE118",13.9978321147582,14.8087623309746,14.7318012898384,10.9742489130485,10.9616944265692
"DEB1A",0,14.276430944598,13.1860618270306,10.2523117599301,10.1884785071764
"DE24B",15.0903894998491,16.4660472490781,16.8527713399645,10.4883811476558,10.4729970926379
"DE12C",13.1112392329014,13.9610654712446,14.4621359371734,10.580683180882,10.5943070260869
"DE243",0,13.1333572427938,15.2374736583636,11.5035617620173,11.4796375181041
"DEB36",0,0,11.3277006979368,10.3627145721544,10.3496466469718
"DE21B",0,13.9080010336693,15.1898556239709,10.7269390493061,10.8210175162452
"DE21J",14.285905538747,14.2928684438748,0,10.61243426063,10.5095233511061
"DE262",14.4032972228664,0,15.239967020824,11.4814347978789,11.5643787465591
"DE113",13.2938824805583,14.3306983695395,14.5859885723897,10.6291987239693,10.6725535646538
"DE268",15.5673021816718,16.6003327699918,13.1897409770418,10.4920794487081,10.4674652421032
"DE25B",7.34169985841217,10.1550241783516,11.3585108614293,10.3503504893402,10.2995082018163
"DE259",0,0,13.7960835803029,10.3624302344224,10.369012417072
"DE132",11.7280368445872,11.7280368445872,12.9070987060388,10.3247932008634,10.3024649945087
"DE25C",8.60337088765729,14.173860822769,14.874729886112,10.3642927556775,10.3672530148147
"DE725",0,13.0789442737304,14.453228509077,10.2391737660364,10.2164718078501
"DE214",12.9002825445381,13.6182821602504,13.5766186496819,10.7940501358376,10.8104751440841
"DE125",15.3745843494586,16.0932306250681,16.1432189634671,10.9764058941124,10.9490330452675
"DE216",0,0,14.3176989842999,10.3381877859126,10.3101519412198
"DE236",0,10.7765364373237,14.4735664630284,10.5821554118312,10.5747213797842
"DE27A",0,0,11.0020998412042,10.5208060505998,10.5489664393946
"DE139",0,13.351106985944,13.6859824037185,10.4262911530615,10.4350859211174
"DEB3B",0,12.2647082317026,14.9071366398199,10.1186392539208,10.1302644950828
"DE26C",0,0,10.4631033404715,10.2540739991343,10.2679570399408
"DE138",12.3020189865774,12.5810785461536,13.3141896212125,10.5269630598468,10.46729454509
"DE21N",9.58881676123617,13.2670333715065,13.2417165870994,10.6749374663532,10.6305771172714
"DEA19",0,13.6869876343741,15.1396891261026,10.3778566392915,10.3719900556556
"DE277",0,0,13.3883015555198,10.5172938624107,10.4818690157529
"DE127",13.3233383447529,12.9541675806298,12.5352459884871,10.3459915080793,10.3382525296892
"DE215",0,8.09657383553639,9.36234016888375,10.440653211634,10.4113889047849
"DEB34",0,12.5240855977018,13.7115637924905,11.2372378373668,11.2923660718413
"DE265",13.5883143682933,13.913330721486,16.1454189466072,10.4185541705594,10.3893645309382
"DE219",0,9.30184331343755,0,10.4981670736954,10.4817848914171
"DE227",8.42193114378687,9.83351652423832,6.87264610186857,10.5770695776012,10.523499364733
"DE278",8.14612951002541,15.4800677696195,16.1732149501794,10.7477235874589,10.7295909603447
"DE22B",12.958427742893,10.0718292757855,9.24314487211082,10.2717352728275,10.2371343728538
"DE273",0,15.4611068069517,15.7529227970828,10.8992177332367,10.876290934234
"DEB38",0,11.7087330090028,12.6443275764613,10.8398749861094,10.8709845750131
"DE261",0,13.5755598883337,14.2687070688936,11.1238453861114,11.1946192229746
"DEB1C",0,10.3089526606443,13.8751307539453,10.3954361205324,10.3354972158664
"DE25A",0,0,0,10.3565675312521,10.3107510425857
"DE21D",14.6389741247999,14.6389741247999,0,10.3428708788478,10.3192989526984
"DE267",8.29964064791519,14.8464665291781,15.0651782648857,10.3916380272629,10.3817693232261
"DE241",7.0475172213573,7.74066440191724,0,11.0732259911893,11.0672163202919
"DE116",0,13.302295057383,14.1113634000762,10.4842496025013,10.4838019248217
"DE13A",0,12.2060726455302,12.2060726455302,10.3384790999026,10.3494866136846
"DE255",0,10.1911696249879,9.49802244442796,10.5193756475491,10.5095233511061
"DE115",0,0,12.6115377536383,10.6877543264636,10.7586260234168
"DE257",9.10497985631836,7.81062299052415,7.11747580996421,10.4990219042291,10.5615255559825
"DE224",0,14.2584855148221,13.8813057859899,10.657917961513,10.6180537004694
"DE252",0,0,10.3656480043208,11.5670253172871,11.4849682794556
"DE274",0,0,10.103116387268,11.0146869567097,11.0157890483278
