"NUTS3","funding_by_region","population","funding_per_capita_germany_esf","GDP_per_capita","log_funding_per_capita","log_GDP_per_capita","NUTS1_states"
"DE111",213183652.72,623738,341.783974553418,83717,5.834178884133,11.3351973421864,"DE1"
"DE112",137083928.09,381281,359.535167212633,63435,5.88481199494322,11.0577710385747,"DE1"
"DE113",36662019.69,524127,69.9487332077912,40157,4.24776259098026,10.6005520503801,"DE1"
"DE114",24909758.68,252749,98.555320416698,32703,4.59061801911965,10.3952220957965,"DE1"
"DE115",19033086.51,534074,35.6375455648468,44079,3.5733997328026,10.6937387575441,"DE1"
"DE116",21976115.04,419456,52.3919434696369,33199,3.95875282892672,10.410275033969,"DE1"
"DE117",20884970.4,122567,170.396357910367,52141,5.13812724040134,10.8617068664367,"DE1"
"DE118",1754758.81,334388,5.24767279328206,50856,1.65778470085695,10.8367533886162,"DE1"
"DE119",4309800.36,110181,39.1156402646554,46523,3.66652239377862,10.7477020929454,"DE1"
"DE11A",8542374.5,191614,44.5811605623806,39168,3.79731136087101,10.575615365872,"DE1"
"DE11B",8997583.98,132181,68.0701763490971,35740,4.22053917815868,10.4840257887134,"DE1"
"DE11C",6889625.88,130527,52.7831473947919,34990,3.96619196163509,10.4628175853617,"DE1"
"DE11D",26877634.44,312650,85.9671659683352,40588,4.45396543228687,10.611227735399,"DE1"
"DE121",7114785.59,54160,131.366055945347,52294,4.87798774653966,10.8646369207185,"DE1"
"DE122",41606781.83,307755,135.19449506913,62202,4.9067144458356,11.0381424325512,"DE1"
"DE123",8390291.64,435841,19.2508085287983,35585,2.95755306134777,10.4796794797334,"DE1"
"DE124",7869113.01,227474,34.5934612746951,41646,3.54366468370447,10.6369606045676,"DE1"
"DE125",23811624.87,156267,152.377820461134,53315,5.02636309762936,10.8839729964523,"DE1"
"DE126",36962020.51,305780,120.877822323239,63036,4.7947803026073,11.051461270742,"DE1"
"DE127",5404781.83,142936,37.8126002546594,30103,3.63264238715044,10.3123801135446,"DE1"
"DE128",11418948.91,541859,21.0736536811237,32744,3.04802361957565,10.3964750181722,"DE1"
"DE129",39421863.41,122247,322.477143897192,39800,5.7760322620877,10.5916221912725,"DE1"
"DE12A",5226434.81,155359,33.6410173211722,27482,3.51574607606164,10.2212865238917,"DE1"
"DE12B",1452157.9,196066,7.40647486050616,28961,2.00235459878675,10.2737053762902,"DE1"
"DE12C",4465986.25,116233,38.4227048256519,37107,3.64864855636291,10.5215609100431,"DE1"
"DE131",37894048.89,226393,167.381716263312,48586,5.12027693024622,10.791090702546,"DE1"
"DE132",6294665.48,257343,24.4602164426466,28763,3.1970479790607,10.2668451179387,"DE1"
"DE133",5273756.43,162082,32.5375823965647,29824,3.48239580267444,10.3030687174853,"DE1"
"DE134",27622870.25,420106,65.7521441017267,38917,4.18589228043838,10.5691864521368,"DE1"
"DE135",7966519.9,137500,57.9383265454546,40977,4.05937910938103,10.620766212671,"DE1"
"DE136",11852171.34,209648,56.5336723460276,36874,4.03483643135852,10.5152619746303,"DE1"
"DE137",7525872.38,136606,55.091814268773,46067,4.00900114375725,10.7378521375114,"DE1"
"DE138",14660140.07,280288,52.3038448667085,33520,3.95706988398458,10.419897554596,"DE1"
"DE139",12271010.88,226708,54.1269424987208,32188,3.99133207480052,10.379348991266,"DE1"
"DE13A",6163493.97,167861,36.7178437516755,30188,3.60326284266852,10.3151997734048,"DE1"
"DE141",14985685.01,282113,53.1194415358385,39079,3.97254299185686,10.573340517293,"DE1"
"DE142",16780458.65,221837,75.6431913972872,32642,4.32602743482626,10.3933550817106,"DE1"
"DE143",8500662.14,188595,45.0736347199024,33102,3.80829747955473,10.4073489825005,"DE1"
"DE144",21642765.96,122636,176.479711993216,74745,5.17320592355245,11.2218375993836,"DE1"
"DE145",1254239.57,192104,6.52896123974514,29658,1.87624785555724,10.297487182535,"DE1"
"DE146",12781107.29,194019,65.8755446116102,48946,4.18776727417627,10.7984729285829,"DE1"
"DE147",9613748.78,212201,45.3049174132073,49118,3.81341557876556,10.8019808453797,"DE1"
"DE148",18068643.73,279296,64.6935284787466,41278,4.16966117299175,10.6280849493693,"DE1"
"DE149",5549270.16,130772,42.4346967240694,34811,3.7479663465614,10.4576887077701,"DE1"
"DE211",10339200.39,132438,78.0682310968151,128100,4.35758320196357,11.7605664878848,"DE2"
"DE212",106859221.03,1450380,73.6767061252913,75573,4.29968668580783,11.2328543555198,"DE2"
"DE213",9956134.25,61844,160.987876754414,51252,5.08132906248728,10.8445099206295,"DE2"
"DE214",2789379.66,108485,25.7121229663087,47279,3.24696259143194,10.7638215012641,"DE2"
"DE215",2106341.92,103907,20.2714150153503,31751,3.00921176638214,10.3656794998878,"DE2"
"DE216",3020560.14,124930,24.1780208116545,27713,3.18544398954767,10.2296568961614,"DE2"
"DE217",2087467.79,149370,13.9751475530562,27603,2.63728057734365,10.2256797414505,"DE2"
"DE218",2402841.91,137421,17.485259967545,30862,2.86135823843712,10.3372809326312,"DE2"
"DE219",1642593.27,128805,12.7525582857808,32688,2.54573190134211,10.3947633170574,"DE2"
"DE21A",5280108.41,133747,39.4783315513619,29728,3.67575195306847,10.2998446416136,"DE2"
"DE21B",2976535.76,173225,17.1830611054986,50117,2.84392407911836,10.8221155508738,"DE2"
"DE21C",4185780.16,213481,19.6072725910034,25210,2.97590054797563,10.134996020182,"DE2"
"DE21D",3538907.99,87385,40.497888539223,28382,3.70124983791943,10.2535104203945,"DE2"
"DE21E",2305966.94,117657,19.5990628691876,32583,2.97548175229685,10.3915459589481,"DE2"
"DE21F",1868928.75,98286,19.0152081679995,34712,2.94523908888798,10.4548407274782,"DE2"
"DE21G",5777264.92,112034,51.5670682114358,32225,3.94288325578626,10.3804978278074,"DE2"
"DE21H",2370226,340003,6.97119143066385,104483,1.94178614713193,11.5567796577274,"DE2"
"DE21I",3669619.52,94654,38.7687738500222,34398,3.65761512492587,10.4457537021364,"DE2"
"DE21J",1158155.31,124128,9.33033086813612,40152,2.2332704770532,10.6004275313348,"DE2"
"DE21K",3161495.06,256074,12.3460213063411,30708,2.51333384973898,10.3322784859478,"DE2"
"DE21L",731543.1,133621,5.47476145216695,41521,1.70014870437288,10.6339546023282,"DE2"
"DE21M",3977288.23,174162,22.8367165627404,38407,3.12836961625485,10.5559950136294,"DE2"
"DE21N",4379096.04,132906,32.9488212721773,38301,3.49495548708185,10.5532312844885,"DE2"
"DE221",5155422.58,69211,74.4884856453454,56031,4.31064455834461,10.9336603879817,"DE2"
"DE222",4289508.61,50566,84.8298977573864,64561,4.44064804855411,11.075365792291,"DE2"
"DE223",7374575.21,46806,157.556193864035,50782,5.05978218107086,10.835297240068,"DE2"
"DE224",5254919.97,116596,45.0694703934955,38140,3.80820508587903,10.5490188791544,"DE2"
"DE225",1854568.45,78122,23.7393877524897,27489,3.1671355991476,10.2215412036333,"DE2"
"DE226",164840552.23,118965,1385.62226058084,31662,7.23390460334081,10.3628725026337,"DE2"
"DE227",1214431.97,154577,7.8564855702983,34481,2.0613393779886,10.4481637266773,"DE2"
"DE228",1434390.32,188336,7.61612394868745,28335,2.03026757213177,10.2518530686037,"DE2"
"DE229",828737.55,76812,10.7891677081706,30253,2.37854264081493,10.3173506320953,"DE2"
"DE22A",2673035.86,119218,22.4214116995756,30669,3.1100163817445,10.3310076514251,"DE2"
"DE22B",3449711.66,98806,34.9139896362569,26550,3.55288759806623,10.1867850266701,"DE2"
"DE22C",1093665.4,94104,11.6218800476069,66189,2.4528895324507,11.1002695649765,"DE2"
"DE231",6463375.16,41861,154.400878144335,53599,5.03955232503781,10.8892856901684,"DE2"
"DE232",21630313.51,145465,148.697717732788,83406,5.00191550521644,11.3314755282051,"DE2"
"DE233",6096847.19,42055,144.973182499108,52941,4.97654877703352,10.8769333649113,"DE2"
"DE234",677156.3,103568,6.53827726710953,25878,1.87767371595427,10.1611484658759,"DE2"
"DE235",2700824.54,126359,21.3742158453296,34322,3.06218532855127,10.4435418269622,"DE2"
"DE236",3852999.6,130385,29.55094220961,37847,3.38611562860977,10.5413069954866,"DE2"
"DE237",379125.56,95078,3.98752140347925,29704,1.38316983574026,10.2990369958569,"DE2"
"DE238",1437278.73,189390,7.58898954538254,24353,2.02669845281937,10.1004103242073,"DE2"
"DE239",4852656.17,144864,33.4980131019439,34254,3.51148612668236,10.4415586251923,"DE2"
"DE23A",2043752.41,73314,27.8767003573669,33166,3.32779122728732,10.409280533774,"DE2"
"DE241",13362523.81,73331,182.222031746465,60347,5.20522589818769,11.0078665152652,"DE2"
"DE242",12520002.67,72148,173.532220851583,62727,5.1563632931049,11.0465472559395,"DE2"
"DE243",6914251.81,41257,167.589786218096,91888,5.12151924477151,11.4283257231041,"DE2"
"DE244",12146970.97,44660,271.987706448724,41998,5.6057568683949,10.6453772770841,"DE2"
"DE245",588841.41,145570,4.04507391632891,25121,1.39749982384879,10.131459428707,"DE2"
"DE246",556375.56,104306,5.33407052326808,20639,1.6741146471325,9.93493776880937,"DE2"
"DE247",294515,86599,3.40090532223236,25918,1.22404166742303,10.1626929869954,"DE2"
"DE248",3930974.56,114834,34.231800337879,26177,3.53315504648121,10.1726364416067,"DE2"
"DE249",871515.96,96429,9.03790312043058,33378,2.20142719179362,10.4156522793033,"DE2"
"DE24A",2712654.48,67916,39.9413169209023,31000,3.68741129992537,10.3417424834673,"DE2"
"DE24B",5274429.58,72468,72.7828776839433,33336,4.28748073089044,10.4143931731023,"DE2"
"DE24C",809379.14,66655,12.1428120921161,33747,2.4967373973671,10.4266468034609,"DE2"
"DE24D",5381091.11,73185,73.5272406913985,32237,4.29765595920723,10.3808701401818,"DE2"
"DE251",5374889.85,41159,130.588446026385,56426,4.87205074452437,10.9406853241694,"DE2"
"DE252",11414741.16,108336,105.364247895436,88127,4.65742337453645,11.3865342348925,"DE2"
"DE253",20739308.45,124171,167.02215855554,34283,5.11812648957607,10.4424048834683,"DE2"
"DE254",38418704.55,509975,75.3344861022599,57117,4.32193801272949,10.9528570746258,"DE2"
"DE255",1371211.71,40428,33.9173768180469,32168,3.52392747355963,10.3787274485771,"DE2"
"DE256",2315138.6,181314,12.7686698214148,29675,2.54699450028183,10.2980602194779,"DE2"
"DE257",2172875.69,134136,16.1990493976263,37775,2.78495256135778,10.5394027871409,"DE2"
"DE258",331810.06,114291,2.90320375182648,22212,1.06581486922316,10.0083879623615,"DE2"
"DE259",6315734,167643,37.6737113986268,30598,3.62896254083875,10.3286899263273,"DE2"
"DE25A",866109.29,98751,8.7706381707527,27674,2.17140957121132,10.2282486232293,"DE2"
"DE25B",1665128.1,125140,13.3061219434234,27580,2.58822422582177,10.2248461513473,"DE2"
"DE25C",5288753.69,93342,56.6599568254376,30332,4.03706773240839,10.3199585398208,"DE2"
"DE261",14629168.16,68986,212.059956512916,75781,5.35686904842791,11.2356028805795,"DE2"
"DE262",9468386.04,51969,182.19296195809,98156,5.2050663559683,11.4943133287582,"DE2"
"DE263",29074692.08,124873,232.834096081619,61270,5.45032616596464,11.0230456057197,"DE2"
"DE264",547200.67,173695,3.15035360833645,30780,1.14751470315199,10.3346204073929,"DE2"
"DE265",2861310.57,103106,27.7511548309507,30941,3.3232774548563,10.3398374442253,"DE2"
"DE266",3476392.25,79723,43.6058885139797,36474,3.77519219889561,10.5043549569768,"DE2"
"DE267",3720996.43,84581,43.9932896276942,30228,3.78403711382617,10.3165239261406,"DE2"
"DE268",905560.01,89306,10.1399683111997,34588,2.31648487302992,10.4512620800803,"DE2"
"DE269",1613145.05,128446,12.5589356616788,32773,2.5304324171372,10.3973602846495,"DE2"
"DE26A",2530928.96,126123,20.0671484186072,34327,2.99908407093028,10.4436874955083,"DE2"
"DE26B",710349.99,114813,6.18701706252776,21052,1.82245307434815,9.95475084647367,"DE2"
"DE26C",318812.25,160427,1.98727302760757,27666,0.686763361079164,10.2279595014348,"DE2"
"DE271",51857378.81,286374,181.082705867153,47522,5.19895386539378,10.768948040693,"DE2"
"DE272",4638075.99,42731,108.541246167887,36775,4.68713024975497,10.5125735454696,"DE2"
"DE273",6470798.39,66947,96.6555393072132,53763,4.57115351707164,10.8923407772115,"DE2"
"DE274",3288434.99,42841,76.7590623468173,58819,4.34067145567689,10.9822202109434,"DE2"
"DE275",2152081.47,130916,16.438643634086,25905,2.79963488221502,10.1621912792489,"DE2"
"DE276",4229765.02,245600,17.222170276873,28647,2.84619752339691,10.2628040046183,"DE2"
"DE277",3675809.24,94575,38.8666057626223,33094,3.66013541824763,10.4071072760518,"DE2"
"DE278",2897416.64,123153,23.5269675931565,42822,3.1581473203653,10.6648072681991,"DE2"
"DE279",5330108.81,170309,31.2966948898766,36872,3.44351249739798,10.5152077344003,"DE2"
"DE27A",3739394.64,80429,46.4931136779022,36394,3.83930420867813,10.5021592048732,"DE2"
"DE27B",2186503.72,137709,15.8777111154681,33862,2.76491630912482,10.4300487206882,"DE2"
"DE27C",1986603.87,140419,14.1476856408321,36113,2.64955105176023,10.4944081903,"DE2"
"DE27D",16326974.6,131345,124.306023069017,47695,4.82274645324792,10.7725818495793,"DE2"
"DE27E",3392241.94,152672,22.2191491563614,30417,3.10095449168542,10.3227569416207,"DE2"
"DE300",620991699.93,3520030,176.416593020514,37551,5.17284820389102,10.5334552879961,"DE3"
"DE401",22921784.87,71574,320.252953167351,30543,5.76911116217805,10.3268908057753,"DE4"
"DE402",51589303.98,99687,517.512855036263,33793,6.24903436548078,10.4280089594311,"DE4"
"DE403",54676588.85,58092,941.206858947876,34951,6.84716294427659,10.4617023595559,"DE4"
"DE404",108188867.38,167745,644.960311067394,40495,6.46918878167368,10.6089337886831,"DE4"
"DE405",17737787.98,177411,99.9813313717864,21060,4.6049834822779,9.95513078568797,"DE4"
"DE406",26227431.83,164528,159.410141921132,32167,5.07148038993518,10.3786963612996,"DE4"
"DE407",12188216.85,104673,116.440885901808,22763,4.75738372707425,10.0328916897474,"DE4"
"DE408",12795308.87,158236,80.8621860385753,19990,4.39274629870466,9.90298742749445,"DE4"
"DE409",20300652.09,190714,106.445526232998,20043,4.66763336352348,9.90563524459359,"DE4"
"DE40A",150065973.5,207524,723.125872188277,25254,6.58358330408485,10.1367398379986,"DE4"
"DE40B",17369320.55,112450,154.462610493553,26210,5.03995206377231,10.1738962963175,"DE4"
"DE40C",29154246.86,182397,159.839508654199,23824,5.07417024091028,10.0784487549238,"DE4"
"DE40D",20015755.48,99110,201.954953889618,24940,5.30804467198644,10.124228219234,"DE4"
"DE40E",15417063.9,210910,73.0978327248589,23815,4.29179871822948,10.078070913235,"DE4"
"DE40F",15629938.16,77573,201.486833821046,24696,5.30572403841345,10.114396566182,"DE4"
"DE40G",12998613.55,117635,110.499541377991,31391,4.70501137052378,10.354276506608,"DE4"
"DE40H",15433004.47,163553,94.3608767188618,33237,4.54712654570934,10.4114189921888,"DE4"
"DE40I",24529376.45,121014,202.698666683194,28494,5.31172047565237,10.2574488177772,"DE4"
"DE501",42980246.77,557464,77.0995916686997,48890,4.34509798442944,10.7973281555727,"DE5"
"DE502",19876785.1,114025,174.319536066652,34382,5.16089002924372,10.4452884506014,"DE5"
"DE600",95004612.47,1787410,53.1521097397911,61449,3.97315779806961,11.0259628414688,"DE6"
"DE711",15285306.15,155353,98.390801271942,75662,4.58894731667968,11.2340313318847,"DE7"
"DE712",26351809.57,732688,35.9659358007774,92423,3.58257226274384,11.4341311444038,"DE7"
"DE713",28281852.47,123734,228.569774435483,36982,5.43184152230161,10.5181865867669,"DE7"
"DE714",10324671.99,276218,37.3787080856425,61013,3.62110123978335,11.0188422352038,"DE7"
"DE715",1932862.7,266928,7.24113880896721,27513,1.97977848808446,10.2224138992271,"DE7"
"DE716",1507127.46,292773,5.14776792941972,26852,1.63856320896246,10.1980955850586,"DE7"
"DE717",5870147.78,266042,22.0647408303952,44092,3.09398089691925,10.6940336390832,"DE7"
"DE718",1471121.65,233427,6.30227715731256,45157,1.84091102163057,10.7179005855876,"DE7"
"DE719",3065767.89,411956,7.44197897348261,33367,2.00713680453514,10.4153226665953,"DE7"
"DE71A",1226914.59,232848,5.26916524943311,53658,1.66187195331518,10.8903858515742,"DE7"
"DE71B",517718.39,97000,5.33730298969072,26088,1.67472046727694,10.1692307174692,"DE7"
"DE71C",2347990.21,347357,6.75958800312071,40403,1.91096194191365,10.606659318618,"DE7"
"DE71D",3280069.81,184114,17.8154285388401,23498,2.8800648537132,10.0646705901275,"DE7"
"DE71E",3868203.24,301931,12.8115471415655,27954,2.55034688469429,10.2383155810449,"DE7"
"DE721",6633956.68,262505,25.271734557437,34826,3.22968656001937,10.4581195132393,"DE7"
"DE722",4673988.9,253167,18.4620779959473,32635,2.9157187902339,10.3931406110693,"DE7"
"DE723",2631686.93,171922,15.3074471562685,28359,2.72833945221759,10.2526997190935,"DE7"
"DE724",17323450.86,245241,70.6384774976452,34658,4.25757500308559,10.4532838582002,"DE7"
"DE725",63534280.27,107256,592.36108255016,26118,6.38411638568833,10.1703800107804,"DE7"
"DE731",14990428.11,197984,75.7153512910134,49019,4.32698093104672,10.7999632570372,"DE7"
"DE732",5173571.21,220132,23.502131493831,35709,3.1570911189021,10.483158036836,"DE7"
"DE733",4402023.75,121166,36.3305197002459,34272,3.59265815111967,10.4420839732475,"DE7"
"DE734",279522.09,235813,1.18535487865385,32260,0.170042205410467,10.3815833516792,"DE7"
"DE735",7657214.77,180310,42.466944539959,30004,3.74872599777568,10.3090859850895,"DE7"
"DE736",3995605.04,157592,25.354110868572,35706,3.23294088133067,10.4830740208729,"DE7"
"DE737",3825110.5,100715,37.9795512088567,24020,3.63704788880186,10.086642095634,"DE7"
"DE803",129118043.66,206011,626.753152307401,34164,6.44055276663469,10.438927737066,"DE8"
"DE804",130269436.17,96800,1345.75863811983,37335,7.20471317623513,10.5276865034698,"DE8"
"DE80J",101371941.2,262517,386.153815562421,25577,5.95623577600341,10.1494487891308,"DE8"
"DE80K",89374294.88,213473,418.667910602278,23194,6.0370780295394,10.0516489035166,"DE8"
"DE80L",29477282.9,224820,131.115038252824,22684,4.8760750924507,10.0294151091339,"DE8"
"DE80M",28587981.02,156270,182.939662251232,21948,5.20915638399951,9.99643129817887,"DE8"
"DE80N",70313062.35,238358,294.989311665646,22963,5.68693912404156,10.0416395039189,"DE8"
"DE80O",46335336.5,214113,216.405993564146,22360,5.37715624328077,10.015028927269,"DE8"
"DE911",25751918.99,251364,102.448715766776,71724,4.62936233938698,11.1805806986123,"DE9"
"DE912",15392504.22,101079,152.281920280177,50058,5.0257335416277,10.8209376121301,"DE9"
"DE913",1943079.99,124045,15.6643152888065,177552,2.7513852138291,12.0870188027403,"DE9"
"DE914",3571451.07,174205,20.5014268821216,20527,3.02049448772805,9.92949637171718,"DE9"
"DE916",7559123.29,138236,54.6827403136665,27796,4.00154812606575,10.2326474044342,"DE9"
"DE917",3807409.72,91500,41.6110351912568,19253,3.72836540111021,9.86542217172934,"DE9"
"DE918",11138696.78,134896,82.5724764262839,28081,4.41367640982026,10.2428484700412,"DE9"
"DE91A",12582988.78,132320,95.0951389056832,20817,4.55487785263694,9.94352523956766,"DE9"
"DE91B",5710892.26,120981,47.2048690290211,19528,3.85449704466567,9.8796046120728,"DE9"
"DE91C",44997717.39,329538,136.547886404603,33363,4.91667536925435,10.415202780487,"DE9"
"DE922",40331765.06,213976,188.487330635211,29499,5.23903079314498,10.2921116434483,"DE9"
"DE923",13192423.05,148281,88.9690725716713,33348,4.4882888101456,10.4147530795305,"DE9"
"DE925",23938037.66,277055,86.4017529371424,27133,4.45900796422853,10.2085059782348,"DE9"
"DE926",4942228.65,71659,68.9687080478377,29999,4.23365289517898,10.3089193267554,"DE9"
"DE927",66383080.95,120632,550.294125522249,29185,6.31045290896285,10.2814101576379,"DE9"
"DE928",7136472.46,156206,45.6862890029832,24041,3.82179823106805,10.0875159851218,"DE9"
"DE929",159610007.44,1144480,139.460722284356,43553,4.93778300093015,10.6817338662456,"DE9"
"DE931",13182769.79,177971,74.0725724415776,27937,4.30504532129357,10.237707254104,"DE9"
"DE932",16828807.73,198103,84.9497873833309,21311,4.44206034526997,9.96697865031733,"DE9"
"DE933",2197032.67,248122,8.8546467866614,22528,2.18094238186344,10.0225142589578,"DE9"
"DE934",6937415.31,50128,138.394017515161,24977,4.93010481620277,10.1257106803906,"DE9"
"DE935",44188162.75,180719,244.5130990654,26340,5.49926888238945,10.1788439752973,"DE9"
"DE936",11207618.2,113579,98.6768522350082,19421,4.59185039243945,9.87411023382545,"DE9"
"DE937",14232281.97,163253,87.1792982058523,30354,4.4679668968335,10.32068358352,"DE9"
"DE938",15789303.37,140264,112.568466391947,30965,4.72356162667923,10.3406128133722,"DE9"
"DE939",12491900.41,200054,62.4426425365151,29246,4.13424841596432,10.2834980911718,"DE9"
"DE93A",10265778.4,93131,110.229444545855,26375,4.70256405291558,10.1801718707784,"DE9"
"DE93B",22217071.59,134645,165.00480218352,29411,5.10597457761961,10.2891240330101,"DE9"
"DE941",5421825.85,76323,71.0379027291904,22185,4.26321357585497,10.007171663813,"DE9"
"DE942",7997955.18,50694,157.769266185347,69744,5.06113362509132,11.1525866744782,"DE9"
"DE943",34076005.45,163830,207.996126777757,44568,5.33751945826716,10.7047713917007,"DE9"
"DE944",52196829.87,162403,321.403113674008,47555,5.77269614110343,10.7696422149165,"DE9"
"DE945",12777427.37,75995,168.135105862228,39107,5.12476785776733,10.5740567580828,"DE9"
"DE946",8060450.82,121435,66.3766691645736,28401,4.19534562673478,10.254179634797,"DE9"
"DE947",13513722.7,189199,71.4259731816764,25038,4.26866157324875,10.1281499498196,"DE9"
"DE948",13635781.99,164734,82.7745455704348,32549,4.41612059348088,10.3905019251986,"DE9"
"DE949",34767485.43,319488,108.82250798152,39314,4.68971818785635,10.5793359685177,"DE9"
"DE94A",3267706.59,97900,33.3780039836568,25887,3.50789711967098,10.1614961911764,"DE9"
"DE94B",7446595.81,135662,54.8908007400746,30049,4.00534577054201,10.3105846615394,"DE9"
"DE94C",18481962.99,167548,110.308466767732,24279,4.7032806845803,10.0973670581638,"DE9"
"DE94D",1290474.58,128608,10.0341703471013,22537,2.30599630290632,10.0229136820187,"DE9"
"DE94E",1744124.73,358079,4.87078195035174,28733,1.58325448895931,10.2658015669883,"DE9"
"DE94F",12474335.67,137866,90.481595679863,42837,4.50514646737145,10.6651574940984,"DE9"
"DE94G",15075690.89,89239,168.936125348782,33934,5.12952068696343,10.4321727406029,"DE9"
"DE94H",4396843.04,57173,76.9041862417575,24164,4.34256031250402,10.0926192012586,"DE9"
"DEA11",424160053.88,612178,692.870462316516,76721,6.54084305865342,11.2479307438832,"DEA"
"DEA12",42105541.72,491231,85.71434156232,32877,4.45102015772102,10.4005286041315,"DEA"
"DEA13",82414926.82,582624,141.454740656066,40860,4.95197981189835,10.6179068683716,"DEA"
"DEA14",22186608.89,225144,98.5440824094802,36780,4.59050398521524,10.5127094981583,"DEA"
"DEA15",23156162.56,259996,89.0635339005215,32471,4.4893499791032,10.388102662282,"DEA"
"DEA16",10704212.9,169278,63.234518956982,32323,4.14685033807571,10.3835343301095,"DEA"
"DEA17",28976987.19,210934,137.374663117373,26912,4.92271196043596,10.2003275627727,"DEA"
"DEA18",8091017.87,109499,73.8912489611777,34929,4.30259440363751,10.4610727087051,"DEA"
"DEA19",16922429.38,158726,106.614098383378,30161,4.66921575799037,10.3143049780709,"DEA"
"DEA1A",39829802.98,350046,113.784482553722,36587,4.73430615522182,10.5074482650373,"DEA"
"DEA1B",13089338.1,310337,42.1778199183468,28457,3.74189448851687,10.2561494549844,"DEA"
"DEA1C",27807271.59,483279,57.5387541978857,37678,4.0524587068269,10.5368316487253,"DEA"
"DEA1D",15934131.51,450026,35.4071353877332,38715,3.56691336445354,10.5639824008208,"DEA"
"DEA1E",10930078.23,297661,36.7198868175542,27404,3.60331848343692,10.2184442671228,"DEA"
"DEA1F",27036239.36,462664,58.4360126571335,27051,4.06793235486846,10.205479252168,"DEA"
"DEA22",22760288.56,318809,71.3916124074289,69807,4.2681803891597,11.1534895702551,"DEA"
"DEA23",139285355.04,1060580,131.329418846292,57857,4.87770881444673,10.9657297278945,"DEA"
"DEA24",11337132.48,163487,69.3457735477439,45334,4.23910520110764,10.7218125818243,"DEA"
"DEA26",29776624.66,262828,113.293198061089,28131,4.72997913146648,10.2446274500877,"DEA"
"DEA27",14077551.6,466657,30.1668068838569,34349,3.40674221011062,10.4443281851452,"DEA"
"DEA28",9241540.3,191165,48.3432652420684,26189,3.87832692040968,10.1730947542604,"DEA"
"DEA29",9428226.53,252527,37.3355186970106,23832,3.61994511744086,10.0787844943931,"DEA"
"DEA2A",14356268.86,273452,52.5001421090356,34217,3.96081587643269,10.4404778755727,"DEA"
"DEA2B",11930417.99,282729,42.1973621029325,25074,3.74235770967899,10.129586731676,"DEA"
"DEA2C",21217454.51,596213,35.5870377029686,26615,3.57198146208686,10.1892302456069,"DEA"
"DEA2D",54825001.39,553922,98.9760316253913,35713,4.59487771602847,10.4832700471411,"DEA"
"DEA31",39459952.25,117143,336.852840118488,20269,5.81964615877527,9.91684790423797,"DEA"
"DEA32",34006366.23,260368,130.60885450593,29053,4.87220701321126,10.2768770271718,"DEA"
"DEA33",59366680.03,310039,191.481329864952,51715,5.25479030969004,10.8535031538119,"DEA"
"DEA34",15735536.02,369666,42.5669009862957,35520,3.75107697912334,10.4778511971061,"DEA"
"DEA35",5052582.8,218401,23.1344307031561,27489,3.14132201445542,10.2215412036333,"DEA"
"DEA36",67578522.68,617807,109.384520861693,24333,4.69486938876767,10.0995887327385,"DEA"
"DEA37",17843865.6,443374,40.2456291979232,30722,3.69500140661216,10.3327342893091,"DEA"
"DEA38",9836436.49,277431,35.4554339277154,30005,3.568276525511,10.3091193134236,"DEA"
"DEA41",44086820.01,333090,132.35708069891,38290,4.88550342704492,10.5529440444713,"DEA"
"DEA42",20530437.4,360642,56.9274721191653,45492,4.04177803866017,10.7252917653043,"DEA"
"DEA43",15935631.75,252122,63.2060341818643,32221,4.14639977415626,10.3803736928726,"DEA"
"DEA44",8495781.29,144010,58.9943843483091,26443,4.07744225883863,10.1827467519768,"DEA"
"DEA45",34154735.89,350750,97.3762961938703,28497,4.57858281546427,10.2575540975583,"DEA"
"DEA46",10069066.75,313050,32.1644042485226,39199,3.47086038296044,10.5764065152491,"DEA"
"DEA47",31492786.62,304332,103.481679941643,34662,4.63939459164336,10.4533992650093,"DEA"
"DEA51",49629886.31,364742,136.06847116592,31705,4.91315822349564,10.3642296761341,"DEA"
"DEA52",322388069.78,586181,549.980415230108,35664,6.30988266891998,10.4818970556256,"DEA"
"DEA53",22706114.47,189044,120.110209633736,32711,4.78840973491277,10.3954666917557,"DEA"
"DEA54",14956754.94,179397,83.3723804745899,27625,4.42331708514659,10.2264764388201,"DEA"
"DEA55",13197675.74,155851,84.6813670749626,21893,4.43889559014866,9.99392223000734,"DEA"
"DEA56",26990620.23,325954,82.804997729741,29266,4.41648841862452,10.2841817116524,"DEA"
"DEA57",11023346.49,263762,41.7927771627452,34227,3.73272352945027,10.4407700852645,"DEA"
"DEA58",21799682.72,416171,52.3815516218093,35176,3.95855446105032,10.4681193108606,"DEA"
"DEA59",7018690.73,136365,51.4698839878268,38092,3.94099685968557,10.5477595653139,"DEA"
"DEA5A",19048745.36,280800,67.8374122507122,38128,4.21711384586685,10.5487041993385,"DEA"
"DEA5B",13404577.52,302995,44.2402598062674,33403,3.78963522985207,10.4164009952905,"DEA"
"DEA5C",39776840.94,396035,100.437690961657,29099,4.60953754479432,10.278459088308,"DEA"
"DEB11",9852033.99,112586,87.5067414243334,65163,4.47171583524529,11.0846471021718,"DEB"
"DEB12",3511264.81,127770,27.4811364952649,24568,3.31349982367745,10.1092000621207,"DEB"
"DEB13",1991661.71,129171,15.4187991886724,25633,2.73558749147592,10.1516358628399,"DEB"
"DEB14",3409538.99,156821,21.7415970437633,28574,3.0792273400696,10.2602524924251,"DEB"
"DEB15",793337.55,80615,9.84106617875085,27655,2.28656405669363,10.2275618224288,"DEB"
"DEB17",5935911.83,211925,28.0094931225669,30130,3.33254349280578,10.3132766321243,"DEB"
"DEB18",2524300.62,180655,13.9730459716033,29541,2.63713018612391,10.2935344079159,"DEB"
"DEB1A",663450.27,123543,5.37019717831039,24453,1.68086462634022,10.1045081867626,"DEB"
"DEB1B",2534026.77,200302,12.6510307935018,31375,2.53773869750607,10.3537666764341,"DEB"
"DEB1C",741225.61,62391,11.8803290538699,27890,2.47488401168811,10.2360234806215,"DEB"
"DEB1D",56058792.16,102529,546.760352290572,32262,6.30401059360821,10.3816453460377,"DEB"
"DEB21",10807180.72,114914,94.0458144351428,42055,4.54378205114314,10.6467335643965,"DEB"
"DEB22",681386.67,111828,6.09316691705119,31427,1.80716796577889,10.3554226750291,"DEB"
"DEB23",1723770.7,97180,17.737916237909,26407,2.87570450875961,10.1813844055031,"DEB"
"DEB24",570186.55,60794,9.37899381517913,30461,2.23847248809372,10.3242024558512,"DEB"
"DEB25",258610,147999,1.747376671464,19305,0.558115618365817,9.86811940869834,"DEB"
"DEB31",1431293.52,48363,29.5948042925377,32321,3.3875988152652,10.3834724527504,"DEB"
"DEB32",7199794.75,98520,73.0795244620382,47864,4.29154822440103,10.7761189350699,"DEB"
"DEB33",5823674.24,45362,128.382219478859,41023,4.85501190408798,10.6218881640082,"DEB"
"DEB34",5017304.54,164718,30.4599651525638,83718,3.41641320342709,11.3352092871203,"DEB"
"DEB35",11678387.66,209779,55.6699558106388,54838,4.01944060842177,10.9121386632811,"DEB"
"DEB36",765790.4,52999,14.4491480971339,29711,2.67063545760487,10.299272626591,"DEB"
"DEB37",643598.61,40125,16.0398407476636,37010,2.77507567393918,10.5189434253802,"DEB"
"DEB38",2838177.51,50284,56.4429542200302,49467,4.0332304682801,10.8090610595691,"DEB"
"DEB39",4827424.97,82102,58.7978973715622,35244,4.07410609527818,10.4700505809866,"DEB"
"DEB3A",1600,34260,0.0467016929363689,44335,-3.06397486365024,10.6995297118141,"DEB"
"DEB3B",250800.24,127274,1.97055360874963,23301,0.678314522941127,10.0562515570878,"DEB"
"DEB3C",837198,132203,6.33267021171986,21344,1.84572198160389,9.96852594871535,"DEB"
"DEB3D",9553,75230,0.126983915990961,28104,-2.06369484628426,10.2436671939457,"DEB"
"DEB3E",2142999.31,127303,16.8338476705184,36861,2.82339160183068,10.5149093605357,"DEB"
"DEB3F",77042.34,104966,0.73397423927748,20051,-0.30928134733572,9.9060343068027,"DEB"
"DEB3G",37267.01,70997,0.524909644069468,16752,-0.64452913773689,9.72627293311032,"DEB"
"DEB3H",80948,110526,0.732388759205979,25774,-0.311443814188722,10.1571215108483,"DEB"
"DEB3I",58420.6,151546,0.385497472714555,19075,-0.953220641863912,9.85613385615266,"DEB"
"DEB3J",2210848.22,208749,10.5909404116906,34967,2.35999895753002,10.4621600385593,"DEB"
"DEB3K",154811.7,96474,1.60469867529075,15460,0.472935997704516,9.64601132214141,"DEB"
"DEC01",20981844.99,327380,64.0901856863584,42983,4.16029124278699,10.6685599676675,"DEC"
"DEC02",887631.51,103997,8.53516457205496,25092,2.14419463808218,10.1303043492166,"DEC"
"DEC03",13178074.9,133735,98.5387138744532,24855,4.59044950521872,10.1208142185288,"DEC"
"DEC04",5338459.69,197009,27.0975421935039,32719,3.29944302980606,10.3957112279025,"DEC"
"DEC05",2801581.31,144584,19.3768419050517,37974,2.9640786367881,10.5446569940034,"DEC"
"DEC06",713651.23,88892,8.02829534716285,25809,2.08297221988902,10.1584785472895,"DEC"
"DED21",630103.17,543825,1.15865061370845,38024,0.147256063957057,10.5459728182938,"DED"
"DED2C",40356.05,306273,0.131764961325354,24429,-2.02673553956123,10.1035262301352,"DED"
"DED2E",27800.5,245244,0.113358532726591,27013,-2.17719962716804,10.2040735105929,"DED"
"DED2F",219316203.81,247412,886.441255112929,21945,6.7872148572305,9.99629460212233,"DED"
"DED41",31062.9,248645,0.124928713627863,33736,-2.08001199533468,10.4263207954264,"DED"
"DED42",27160.6,347665,0.0781229056706887,22121,-2.54947197870008,10.004282662571,"DED"
"DED43",45097.39,312450,0.144334741558649,25930,-1.93562008293797,10.1631558785327,"DED"
"DED44",11331.84,232318,0.0487772794187278,23844,-3.02049066022351,10.0792878923398,"DED"
"DED45",36654.08,324534,0.112943728546162,29252,-2.18086556176935,10.2837032263908,"DED"
"DED51",585916.05,560472,1.04539753993063,35189,0.0443972340613059,10.4684888127479,"DED"
"DED52",12101,258408,0.0468290455403857,24798,-3.06125163736561,10.1185182837398,"DED"
"DED53",5049.22,197605,0.0255520862326358,26179,-3.66703631272511,10.1727128416373,"DED"
"DEE02",4951939.82,236991,20.8950543269576,29445,3.03951249589447,10.2902793953787,"DEE"
"DEE03",19215012.76,235723,81.5152223584461,33079,4.40078978021034,10.4066539189346,"DEE"
"DEE04",238674.06,86164,2.76999744672949,23344,1.01884639844052,10.0580952707626,"DEE"
"DEE05",849438.12,164817,5.15382587961193,27334,1.63973932811505,10.2158866275247,"DEE"
"DEE06",807680,91693,8.80852409671403,23503,2.17571990000191,10.0648833515589,"DEE"
"DEE07",1890189.37,173473,10.896158883515,26731,2.38841033112124,10.1935792195817,"DEE"
"DEE08",2175,184081,0.0118154508069817,24092,-4.43834721359239,10.0896351141636,"DEE"
"DEE09",3775992.76,221366,17.0576907022759,22463,2.83660116961129,10.0196247901652,"DEE"
"DEE0A",3333.72,141408,0.0235751866938221,19338,-3.74756053134987,9.86982735104349,"DEE"
"DEE0B",6727.6,186431,0.0360862732056364,32385,-3.32184272956541,10.385450631617,"DEE"
"DEE0C",119967014.18,196695,609.913898065533,23508,6.41331779649242,10.0650960677325,"DEE"
"DEE0D",3215515.18,115262,27.8974439103954,23716,3.32853506851545,10.0739052048273,"DEE"
"DEE0E",6833.64,128447,0.0532020210670549,24360,-2.9336588933739,10.1006977218238,"DEE"
"DEF01",4568195.78,85942,53.1544039003049,39875,3.97320095931036,10.5935048400871,"DEF"
"DEF02",12434727.22,246306,50.4848733688989,44198,3.92167375416154,10.6964348181733,"DEF"
"DEF03",15767122.21,216253,72.9105363162592,37273,4.28923315965823,10.5260244829285,"DEF"
"DEF04",3368729.31,79197,42.5360721997045,39657,3.75035247357939,10.5880227562475,"DEF"
"DEF05",2369656.18,132917,17.82808955965,30567,2.88077527861051,10.3276762746424,"DEF"
"DEF06",1982960.62,192999,10.2744605930601,21729,2.3296612619785,9.98640305286344,"DEF"
"DEF07",4162934.99,163960,25.3899426079532,33508,3.2343531352947,10.4195394952737,"DEF"
"DEF08",3619941.88,199574,18.1383440728752,24851,2.89802815457063,10.1206532721638,"DEF"
"DEF09",4503270.45,307471,14.6461632153927,28549,2.68417840460196,10.259377188201,"DEF"
"DEF0A",1418518.49,128304,11.055917898117,18583,2.4029658409953,9.83000246327365,"DEF"
"DEF0B",34532524.22,270378,127.719430648943,26732,4.84983591003006,10.193616628631,"DEF"
"DEF0C",2977198.94,196839,15.1250460528655,24107,2.71635204872983,10.090257533736,"DEF"
"DEF0D",4568859.39,267503,17.0796566393648,29861,2.83788808507667,10.3043085601506,"DEF"
"DEF0E",3144709.92,131457,23.9219662703394,30945,3.1747971276413,10.3399667141735,"DEF"
"DEF0F",3624454.16,239614,15.1262203377098,32341,2.71642968414711,10.3840910541125,"DEF"
"DEG01",187772115.48,210118,893.650784226006,39367,6.79531507718986,10.580683180882,"DEG"
"DEG02",47666016.54,96011,496.464119111352,27190,6.20751121322294,10.2106045376265,"DEG"
"DEG03",68538010.14,109527,625.763602947218,41476,6.4389726687048,10.6328702256782,"DEG"
"DEG04",33478823.87,36778,910.294846647452,31091,6.81376855433676,10.3446736672187,"DEG"
"DEG05",17621390.35,64131,274.771800689214,29021,5.61594093750337,10.2757749848383,"DEG"
"DEG06",12404988.46,101325,122.427717345176,24623,4.80752079334104,10.1114362444678,"DEG"
"DEG07",24908078.83,85355,291.817454513502,25275,5.67612845100125,10.1375710438887,"DEG"
"DEG09",21584999.51,105273,205.038324261682,23292,5.32319690928384,10.055865232957,"DEG"
"DEG0A",16459939.37,77110,213.460502788225,20625,5.36345181690432,9.93425921120288,"DEG"
"DEG0B",26596449.25,124623,213.415254407292,26541,5.36323981900873,10.1864459861515,"DEG"
"DEG0C",43114520.33,136831,315.093219592051,26460,5.75286853025831,10.1833894376689,"DEG"
"DEG0D",12113820.09,70600,171.583853966006,23434,5.14507209151982,10.0619432382281,"DEG"
"DEG0E",11442698.55,64524,177.340192021573,22557,5.17806987673899,10.0238007180461,"DEG"
"DEG0F",97309056.37,109620,887.694365717935,27130,6.78862750099762,10.208395405653,"DEG"
"DEG0G",12649082.28,82127,154.018560035068,22298,5.03707311485994,10.0122522673275,"DEG"
"DEG0H",13253082.77,56818,233.25500316801,26972,5.45213228930667,10.2025545698545,"DEG"
"DEG0I",24021904.23,109278,219.82379097348,24689,5.39282627529989,10.1141130792914,"DEG"
"DEG0J",7559659.74,86184,87.7153501810081,21340,4.47409691463229,9.96833852485574,"DEG"
"DEG0K",8729300.48,82951,105.234421284855,25559,4.65619044531108,10.1487447840954,"DEG"
"DEG0L",16377360.85,101114,161.969270823031,21389,5.08740663096208,9.97063205016546,"DEG"
"DEG0M",11218380.21,92344,121.484668305466,20875,4.7997880680321,9.94630754971906,"DEG"
"DEG0N",20407638.83,42417,481.119334936464,40716,6.17611533691565,10.6143764145722,"DEG"
"DEG0P",12032754.81,125655,95.7602547451355,25257,4.56184772149196,10.1368586240058,"DEG"
